"row_key","study","descrp_measure","sd_t1","se_t1","n_t1","implied_n_t1","relerr_t1","sd_t2","se_t2","n_t2","implied_n_t2","relerr_t2"
"merged_03072025_294","s62","catalase activity",3.38099852572211,1.35378516002207,8,6.23721140787686,0.132530120481929,3.0679232731338,1.08467467529647,8,7.99999999999999,7.23761923479327e-16
"merged_03072025_295","s62","catalase activity",3.17732391573886,0.590480761286222,8,28.9541939321834,0.474358974358976,3.00508966950607,1.06245964169069,8,8.00000000000002,1.4777902115748e-15
"merged_03072025_361","l11","Rate of ATP synthesis (nmol ATP/min.mg protein)",59.304008829638,22.4148084446287,8,6.99999999999999,0.0690449676496984,65.2382444367421,24.6577386785804,8,6.99999999999998,0.0690449676496987
"merged_03072025_362","l11","Rate of ATP synthesis (nmol ATP/min.mg protein)",24.8202519980495,9.38117346639899,8,7.00000000000002,0.0690449676496966,65.2382444367421,24.6577386785804,8,6.99999999999998,0.0690449676496987
"merged_03072025_363","l11","routine respiration; Rate of oxygen consumption (nmol O/min.mg protein)",18.6543812018536,7.05069336027182,8,7.00000000000002,0.0690449676496961,23.8358162930881,9.0090917439618,8,6.99999999999999,0.0690449676496982
"merged_03072025_364","l11","Rate of oxygen consumption (nmol O/min.mg protein)",22.9671818053431,8.68077876756361,8,7.00000000000001,0.0690449676496967,23.8358162930881,9.0090917439618,8,6.99999999999999,0.0690449676496982
"merged_03072025_365","l11","Mitochondrial efficiency (ATP/O ratio)",0.361039200328705,0.136459991087912,8,6.99999999999998,0.0690449676496991,0.191471282575834,0.0723693424151759,8,7,0.0690449676496973
"merged_03072025_366","l11","Mitochondrial efficiency (ATP/O ratio)",0.204232280068725,0.0722070150868928,8,8,0,0.191471282575834,0.0723693424151759,8,7,0.0690449676496973
"kris_temp_OC_468","WildNew1","malondialdehyde",0.163308648042528,0.163308648042528,7,1,1.64575131106459,0.489925944127556,0.489925944127556,7,1,1.64575131106459
"kris_temp_OC_469","WildNew1","protein carbonyl, oxidative damage biomarker",2.35177894222222,2.35177894222222,7,1,1.64575131106459,2.15579736370369,2.15579736370369,7,1,1.64575131106459
