"study","tissue","descrp_measure","mean_t2","sd_t2","n_t2","n_reuse","rows"
"N17","caudal muscle","State 3, measured following addition of ADP to buffer that contained malate and pyruvate","0.47419781441903203","0.18808305295342601","15",2,"merged_03072025_437; merged_03072025_438"
"N17","caudal muscle","State 4, determined after all of ADP had been used","2.2698681002688001E-2","1.63513642957735E-2","15",2,"merged_03072025_439; merged_03072025_440"
"N17","caudal muscle","cytochrome c oxidase","1.78771473435047","1.87186479779611","15",2,"merged_03072025_443; merged_03072025_444"
"N17","caudal muscle","lactate dehydrogenase","210.12658227848101","73.537658472292804","15",2,"merged_03072025_449; merged_03072025_450"
"N17","caudal muscle","respiratory control ratio; state 3 / state 4 (total oxphos / leak in our terms)","9.6345544473416496","7.4151081359166904","15",2,"merged_03072025_441; merged_03072025_442"
"N17","liver","cytochrome c oxidase","3.5801328193934898","4.2751563254541498","15",2,"merged_03072025_445; merged_03072025_446"
"N17","liver","lactate dehydrogenase","3.8874296435272","3.2553405986884201","15",2,"merged_03072025_447; merged_03072025_448"
"Wild7","heart","CCO:CS ratio","0.242977905000447","0","12",2,"merged_03072025_415; merged_03072025_420"
"Wild7","heart","CCO:CS ratio","0.57281247892832199","0.17666599008220912","12",2,"merged_03072025_400; merged_03072025_405"
"Wild7","heart","Citrate synthase","2.32264080566953","2.0303089660275102","12",3,"merged_03072025_391; merged_03072025_396; merged_03072025_401"
"Wild7","heart","Citrate synthase","6.8797246635117704","0.86437542606228546","12",3,"merged_03072025_406; merged_03072025_411; merged_03072025_416"
"Wild7","heart","NADH:cytochrome c oxidoreductase","0.81936894530656901","0.70904202636060665","12",3,"merged_03072025_408; merged_03072025_413; merged_03072025_418"
"Wild7","heart","NADH:cytochrome c oxidoreductase","0.93114716173621404","0.31454495449907577","12",3,"merged_03072025_393; merged_03072025_398; merged_03072025_403"
"Wild7","heart","cytochrome c oxidase","0.92176344300763802","0.32921850438937073","12",3,"merged_03072025_392; merged_03072025_397; merged_03072025_402"
"Wild7","heart","cytochrome c oxidase","1.6602958199356901","0.12403934272081883","12",2,"merged_03072025_407; merged_03072025_417"
"Wild7","heart","succinate dehydrogenase","6.4941249547078098E-2","8.5889780715926345E-2","12",3,"merged_03072025_409; merged_03072025_414; merged_03072025_419"
"Wild7","heart","succinate dehydrogenase","9.8516744096012299E-2","8.5244660825471649E-2","12",3,"merged_03072025_394; merged_03072025_399; merged_03072025_404"
"WildNew1","tail muscle","catalase (CAT) activity","0.48223984018977401","0.12882739383232364","7",2,"kris_temp_OC_466; kris_temp_OC_467"
"WildNew1","tail muscle","catalase (CAT) activity","0.57199500468310904","0.15463148461816975","7",2,"kris_temp_OC_464; kris_temp_OC_465"
"WildNew1","tail muscle","superoxide dismutase","1.34697728427317","0.63748416787864726","7",2,"kris_temp_OC_462; kris_temp_OC_463"
"WildNew1","tail muscle","superoxide dismutase","1.36","0.31749016000000002","7",2,"kris_temp_OC_460; kris_temp_OC_461"
"WildNew7","white swimming muscle","white muscle citrate synthase activity after stepped-cold acclimation; assays at 15, 20, 25, and 30C","1.9774234562386099","0.35617332737708018","4",2,"kris_temp_OC_545; kris_temp_OC_546"
"WildNew7","white swimming muscle","white muscle lactate dehydrogenase activity after warm acclimation; assays at 15, 20, 25, and 30C","188.24024792831599","50.178535336522032","4",2,"kris_temp_OC_547; kris_temp_OC_548"
"l11","skeletal muscle","Basal nonphosphorylating oxygen consumption rate (LEAK; nmol O/min.mg protein)","6.1","1.1313708498984762","8",2,"merged_03072025_367; merged_03072025_368"
"l11","skeletal muscle","Maximal activity of the electron transport system (ETSmax; nmol O/min.mg protein)","79","23.475945135393381","8",2,"merged_03072025_369; merged_03072025_370"
"l11","skeletal muscle","Mitochondrial aerobic scope (mtAS; ETSmax - LEAK)","73","22.627416997969522","8",2,"merged_03072025_371; merged_03072025_372"
"l11","skeletal muscle","Mitochondrial efficiency (ATP/O ratio)","2.4938856706346701","0.19147128257583401","8",2,"merged_03072025_365; merged_03072025_366"
"l11","skeletal muscle","Rate of ATP synthesis (nmol ATP/min.mg protein)","241.81180250813699","65.238244436742093","8",2,"merged_03072025_361; merged_03072025_362"
"l11","skeletal muscle","Respiratory control ratio (RCR; ETSmax:LEAK)","13","3.9597979746446663","8",2,"merged_03072025_373; merged_03072025_374"
"s2","erythrocyte","OXPHOS coupling efficiency (OXPHOS/Routine); proportion of respiration linked to ATP synthesis","0.81352313167259804","3.1511847654445597E-2","20",2,"merged_03072025_11; merged_03072025_23"
"s2","erythrocyte","OXPHOS coupling efficiency (OXPHOS/Routine); proportion of respiration linked to ATP synthesis","0.87928825622775797","5.2519746090742302E-2","20",2,"merged_03072025_5; merged_03072025_17"
"s2","erythrocyte","baseline - background; as per Stier et al. 2017","31.444087755632001","3.8117363593832598","20",2,"merged_03072025_7; merged_03072025_19"
"s2","erythrocyte","baseline - background; as per Stier et al. 2017","31.898663841599401","4.5740836312599003","20",2,"merged_03072025_1; merged_03072025_13"
"s2","erythrocyte","maximal oxygen consumption of the ETS; Stier et al. 2017","47.058823529411796","7.4870129772693303","18",2,"merged_03072025_4; merged_03072025_16"
"s2","erythrocyte","maximal oxygen consumption of the ETS; Stier et al. 2017","47.370242214532901","4.40412528074667","18",2,"merged_03072025_10; merged_03072025_22"
"s2","erythrocyte","oxygen consumption linked to ATP synthesis; as per Stier et al. 2017","25.492307692307701","3.09609412269202","20",2,"merged_03072025_8; merged_03072025_20"
"s2","erythrocyte","oxygen consumption linked to ATP synthesis; as per Stier et al. 2017","27.8","3.9217192220765602","20",2,"merged_03072025_2; merged_03072025_14"
"s2","erythrocyte","oxygen consumption linked to proton leak following the addition of oligomycin","3.76119402985075","1.46846255238792","20",2,"merged_03072025_3; merged_03072025_15"
"s2","erythrocyte","oxygen consumption linked to proton leak following the addition of oligomycin","5.2935323383084603","0.711981843582011","20",2,"merged_03072025_9; merged_03072025_21"
"s2","erythrocyte","routine/ETS; proportion of maximal capacity used under endogenous conditions; Stier et al. 2017","0.59964726631393295","7.1084808690710793E-2","18",2,"merged_03072025_12; merged_03072025_24"
"s2","erythrocyte","routine/ETS; proportion of maximal capacity used under endogenous conditions; Stier et al. 2017","0.67592592592592604","7.8567420131838497E-2","18",2,"merged_03072025_6; merged_03072025_18"
"s23","lateral muscle","electron transport system activity","1552.4475524475499","293.70629370629399","3",2,"merged_03072025_40; merged_03072025_41"
"s23","lateral muscle","electron transport system activity","1825.1748251748199","363.636363636363","3",2,"merged_03072025_42; merged_03072025_43"
"s23","liver","alanine aminotransferase, enzyme that catalyzes the formation of pyruvate and glutamate","64.102564102564102","19.8135198135198","3",2,"merged_03072025_52; merged_03072025_53"
"s23","liver","alanine aminotransferase, enzyme that catalyzes the formation of pyruvate and glutamate","88.578088578088597","33.799533799533798","3",2,"merged_03072025_54; merged_03072025_55"
"s23","liver","alkaline phosphatase, plays role in phosphorus metabolism in aquatic animals, increases phophorylation and dephosphorylation mechanisms, might help mitochondrial function by liberating phosphates from organic molecules","3611.1111111111099","347.22222222222302","3",2,"merged_03072025_46; merged_03072025_47"
"s23","liver","alkaline phosphatase, plays role in phosphorus metabolism in aquatic animals, increases phophorylation and dephosphorylation mechanisms, might help mitochondrial function by liberating phosphates from organic molecules","4097.2222222222199","875.00000000000205","3",2,"merged_03072025_44; merged_03072025_45"
"s23","liver","aspartate aminotransferase, helps produce oxaloacetate and glutamate, mitotchondrial AST helps transport NADH from the cytoplasma into the mitochondria, provides oxaloacetate for krebs cycle","57.874762808349097","12.3339658444023","3",2,"merged_03072025_58; merged_03072025_59"
"s23","liver","aspartate aminotransferase, helps produce oxaloacetate and glutamate, mitotchondrial AST helps transport NADH from the cytoplasma into the mitochondria, provides oxaloacetate for krebs cycle","65.464895635673599","7.1157495256167396","3",2,"merged_03072025_56; merged_03072025_57"
"s23","liver","lactate dehydrogenase","1308.20399113082","565.41019955654099","3",2,"merged_03072025_50; merged_03072025_51"
"s23","liver","lactate dehydrogenase","1607.53880266075","964.52328159645299","3",2,"merged_03072025_48; merged_03072025_49"
"s29","gill","adenosine triphosphatase activity","61.95","2.9393876913398134","6",4,"merged_03072025_85; merged_03072025_88; merged_03072025_91; merged_03072025_94"
"s29","gill","catalase","5.26","3.1108519733346358","6",4,"merged_03072025_61; merged_03072025_64; merged_03072025_67; merged_03072025_70"
"s29","gill","superoxide dismutase","16.12","0.93080610225760763","6",4,"merged_03072025_73; merged_03072025_76; merged_03072025_79; merged_03072025_82"
"s29","kidney","adenosine triphosphatase activity","80.66","5.5113519212621505","6",4,"merged_03072025_86; merged_03072025_89; merged_03072025_92; merged_03072025_95"
"s29","kidney","catalase","9.52","2.8903978964841497","6",4,"merged_03072025_62; merged_03072025_65; merged_03072025_68; merged_03072025_71"
"s29","kidney","superoxide dismutase","13.45","1.6166632302368975","6",4,"merged_03072025_74; merged_03072025_77; merged_03072025_80; merged_03072025_83"
"s29","liver","adenosine triphosphatase activity","15.19","5.7318059981126357","6",4,"merged_03072025_84; merged_03072025_87; merged_03072025_90; merged_03072025_93"
"s29","liver","catalase","18.399999999999999","5.9277651775352904","6",4,"merged_03072025_60; merged_03072025_63; merged_03072025_66; merged_03072025_69"
"s29","liver","superoxide dismutase","9","1.1757550765359253","6",4,"merged_03072025_72; merged_03072025_75; merged_03072025_78; merged_03072025_81"
"s33","erythrocyte","8-hydrooxydeoxyguanosine, one of the predominant forms of free radical-induced oxidative lesions in DNA","3.8874596640314903E-2","1.04175844207136E-2","9",2,"merged_03072025_96; merged_03072025_99"
"s33","erythrocyte","8-hydrooxydeoxyguanosine, one of the predominant forms of free radical-induced oxidative lesions in DNA","7.5358710724647796E-2","1.7371681389488199E-2","15",2,"merged_03072025_97; merged_03072025_100"
"s33","erythrocyte","8-hydrooxydeoxyguanosine, one of the predominant forms of free radical-induced oxidative lesions in DNA","7.6387394562266606E-2","1.96131886655511E-2","15",2,"merged_03072025_98; merged_03072025_101"
"s36","plasma","Reactive oxygen metabolites, measured as hydroperoxides and referred to as ROMs","0.27692976943035302","0.154036331432608","29",2,"merged_03072025_125; merged_03072025_127"
"s36","plasma","Reactive oxygen metabolites, measured as hydroperoxides and referred to as ROMs","0.297499117602125","0.15002775630389101","24",2,"merged_03072025_126; merged_03072025_128"
"s44","brain stem","alanine-aminotransferase (ALT) activity","10.722749525666799","1.5407614757460399","6",2,"merged_03072025_215; merged_03072025_217"
"s44","brain stem","alanine-aminotransferase (ALT) activity","20.242191791336602","0.30064691617433997","6",2,"merged_03072025_216; merged_03072025_218"
"s44","brain stem","asparatate-aminotransferase (AST) activity","10.7792234378981","2.3692000590847901","6",2,"merged_03072025_219; merged_03072025_221"
"s44","brain stem","asparatate-aminotransferase (AST) activity","20.906262076402701","3.5829771499894401","6",2,"merged_03072025_220; merged_03072025_222"
"s44","brain stem","protein oxidation","0.94025695251820296","6.7214101423140396E-2","6",2,"merged_03072025_207; merged_03072025_209"
"s44","brain stem","protein oxidation","1.35535408186034","7.7172275740368806E-2","6",2,"merged_03072025_208; merged_03072025_210"
"s44","brain stem","protein thiols","125.82031848221401","4.1264999570355601","6",2,"merged_03072025_212; merged_03072025_214"
"s44","brain stem","protein thiols","37.416056573085598","3.8766699766489801","6",2,"merged_03072025_211; merged_03072025_213"
"s44","cerebellum","alanine-aminotransferase (ALT) activity","16.501144980420701","2.9994930621037899","6",2,"merged_03072025_184; merged_03072025_186"
"s44","cerebellum","alanine-aminotransferase (ALT) activity","8.1074197986272907","2.3018506749426999","6",2,"merged_03072025_183; merged_03072025_185"
"s44","cerebellum","asparatate-aminotransferase (AST) activity","11.303044964057801","0.98803143144549599","6",2,"merged_03072025_187; merged_03072025_189"
"s44","cerebellum","asparatate-aminotransferase (AST) activity","19.008726575397599","1.2407480163874101","6",2,"merged_03072025_188; merged_03072025_190"
"s44","cerebellum","protein oxidation","0.90370751824852902","0.10720541036322701","6",2,"merged_03072025_176; merged_03072025_178"
"s44","cerebellum","protein oxidation","1.68015148876665","0.233651332830068","6",2,"merged_03072025_175; merged_03072025_177"
"s44","cerebellum","protein thiols","114.932914861146","2.30225393236995","6",2,"merged_03072025_180; merged_03072025_182"
"s44","cerebellum","protein thiols","33.372955196632603","1.2582159951982601","6",2,"merged_03072025_179; merged_03072025_181"
"s44","cerebral cortex","alanine-aminotransferase (ALT) activity","10.9072996344447","2.0164918470930799","6",2,"merged_03072025_168; merged_03072025_170"
"s44","cerebral cortex","alanine-aminotransferase (ALT) activity","9.7781243508214803","1.3479503787326701","6",2,"merged_03072025_167; merged_03072025_169"
"s44","cerebral cortex","asparatate-aminotransferase (AST) activity","17.364662584276601","0.55719985154943796","6",2,"merged_03072025_172; merged_03072025_174"
"s44","cerebral cortex","asparatate-aminotransferase (AST) activity","9.9031824086101405","1.0175047937155799","6",2,"merged_03072025_171; merged_03072025_173"
"s44","cerebral cortex","protein oxidation","1.05910994704316","8.6565078801976295E-2","6",2,"merged_03072025_160; merged_03072025_162"
"s44","cerebral cortex","protein oxidation","1.2026001967304401","0.11985737822044","6",2,"merged_03072025_159; merged_03072025_161"
"s44","cerebral cortex","protein thiols","41.381643366704999","2.11856927047101","6",2,"merged_03072025_163; merged_03072025_165"
"s44","cerebral cortex","protein thiols","97.085097745505095","1.4281840630657401","6",2,"merged_03072025_164; merged_03072025_166"
"s44","medulla oblongata","alanine-aminotransferase (ALT) activity","11.0819433616259","1.4294693826828899","6",2,"merged_03072025_199; merged_03072025_201"
"s44","medulla oblongata","alanine-aminotransferase (ALT) activity","14.424449960353501","3.22298274459565","6",2,"merged_03072025_200; merged_03072025_202"
"s44","medulla oblongata","asparatate-aminotransferase (AST) activity","12.198329191669099","0.54043896466392705","6",2,"merged_03072025_203; merged_03072025_205"
"s44","medulla oblongata","asparatate-aminotransferase (AST) activity","16.2807087192576","3.4316106424855501","6",2,"merged_03072025_204; merged_03072025_206"
"s44","medulla oblongata","protein oxidation","1.33770820992494","0.35977009507618102","6",2,"merged_03072025_191; merged_03072025_193"
"s44","medulla oblongata","protein oxidation","1.52383818036978","6.6465337496089696E-2","6",2,"merged_03072025_192; merged_03072025_194"
"s44","medulla oblongata","protein thiols","117.760151090498","9.6919594545207097","6",2,"merged_03072025_196; merged_03072025_198"
"s44","medulla oblongata","protein thiols","39.572237801241997","1.82372568602719","6",2,"merged_03072025_195; merged_03072025_197"
"s52","heart","ADP/O ratio","2.19","0.81","50",2,"merged_03072025_234; merged_03072025_250"
"s52","heart","ADP/O ratio","3.23","1.24","43",2,"merged_03072025_242; merged_03072025_258"
"s52","heart","glutamate dehydrogenase","47.65","9.59","43",2,"merged_03072025_244; merged_03072025_260"
"s52","heart","glutamate dehydrogenase","48.39","8.56","50",2,"merged_03072025_236; merged_03072025_252"
"s52","heart","state 3","18.38","5.24","43",2,"merged_03072025_241; merged_03072025_257"
"s52","heart","state 3","27.93","11.51","50",2,"merged_03072025_233; merged_03072025_249"
"s52","heart","succinate dehydrogenase","39.28","14.46","43",2,"merged_03072025_243; merged_03072025_259"
"s52","heart","succinate dehydrogenase","45.45","16.89","50",2,"merged_03072025_235; merged_03072025_251"
"s52","liver","ADP/O ratio","1.6","0.65","43",2,"merged_03072025_246; merged_03072025_262"
"s52","liver","ADP/O ratio","1.96","0.76","50",2,"merged_03072025_238; merged_03072025_254"
"s52","liver","glutamate dehydrogenase","39.67","7.7","43",2,"merged_03072025_248; merged_03072025_264"
"s52","liver","glutamate dehydrogenase","45.11","6.73","50",2,"merged_03072025_240; merged_03072025_256"
"s52","liver","state 3","17.37","4.8","43",2,"merged_03072025_245; merged_03072025_261"
"s52","liver","state 3","22.99","9.11","50",2,"merged_03072025_237; merged_03072025_253"
"s52","liver","succinate dehydrogenase","31.12","5.86","43",2,"merged_03072025_247; merged_03072025_263"
"s52","liver","succinate dehydrogenase","43.97","9.33","50",2,"merged_03072025_239; merged_03072025_255"
"s62","whole body","catalase activity","14.506701501277201","3.0679232731338","8",3,"merged_03072025_282; merged_03072025_288; merged_03072025_294"
"s62","whole body","catalase activity","15.874373280668999","3.00508966950607","8",3,"merged_03072025_283; merged_03072025_289; merged_03072025_295"
"s62","whole body","catalase activity","8.0846566035405907","1.0183730499163","8",3,"merged_03072025_281; merged_03072025_287; merged_03072025_293"
"s62","whole body","glutathione reductase activity (GR)","1.02041739575215E-2","2.1670301656803101E-3","8",3,"merged_03072025_285; merged_03072025_291; merged_03072025_297"
"s62","whole body","glutathione reductase activity (GR)","5.6084607487454502E-3","1.27966816907668E-3","8",3,"merged_03072025_284; merged_03072025_290; merged_03072025_296"
"s62","whole body","glutathione reductase activity (GR)","7.6104881732178596E-3","1.8267384226572699E-3","8",3,"merged_03072025_286; merged_03072025_292; merged_03072025_298"
"s62","whole body","indicator of maximum velocity of the ETS multi-enzyme complexes; biochemical measure of the metabolic potential","215.189873417722","19.891500904159098","8",3,"merged_03072025_299; merged_03072025_302; merged_03072025_305"
"s62","whole body","indicator of maximum velocity of the ETS multi-enzyme complexes; biochemical measure of the metabolic potential","305.60578661844499","48.824593128390703","8",3,"merged_03072025_301; merged_03072025_304; merged_03072025_307"
"s62","whole body","indicator of maximum velocity of the ETS multi-enzyme complexes; biochemical measure of the metabolic potential","312.83905967450301","47.016274864376101","8",3,"merged_03072025_300; merged_03072025_303; merged_03072025_306"
"s75","liver","glutathione reductase","2.1437908496731999","1.26790647351448","12",2,"merged_03072025_316; merged_03072025_317"
"s75","liver","malondialdehyde level a measre of lipid peroxidation; measured as the amount of thiobarbituric acid reactive substances (TBARS)","77.606177606177596","57.512111757113303","12",2,"merged_03072025_308; merged_03072025_309"
"s75","liver","oxidized glutathione","0.25401929260450201","6.1262247213047301E-2","12",2,"merged_03072025_312; merged_03072025_313"
"s75","liver","redox state; reduced to oxidized gluthione ratio","2.2153846153846199","1.96121445287799","12",2,"merged_03072025_314; merged_03072025_315"
"s75","liver","reduced glutathione","0.67370129870129802","0.33741249498095099","12",2,"merged_03072025_310; merged_03072025_311"
"s92","red and white axial muscles","3-hdryoxyackyl-coA dehydrogenase","1.1173777007616963","3.2210687912834346","10",2,"merged_03072025_318; merged_03072025_319"
"s92","red and white axial muscles","citrate synthase","1.686164726909491","3.4056498956736099","10",2,"merged_03072025_320; merged_03072025_321"
"s92","red and white axial muscles","cytochrome c oxidase","2.5316286391269482","3.6082780797274201","10",2,"merged_03072025_322; merged_03072025_323"
"s92","red and white axial muscles","lactate dehydrogenase","119.23396878859673","6.2373483548241921","10",2,"merged_03072025_326; merged_03072025_327"
"s92","red and white axial muscles","pyruvate kinase","13.094834079858085","4.5572200558864706","10",2,"merged_03072025_324; merged_03072025_325"
"s95","liver","long-term by-products of oxidative damage to lipids","5.6371093749999996","1.2419663718273599","78",2,"merged_03072025_330; merged_03072025_331"
"s95","liver","total antioxidant capacity","52.7687074829932","4.2056004125370601","78",2,"merged_03072025_328; merged_03072025_329"
