"row_key","study","descrp_measure","units","mean_t1","sd_t1","n_t1","mean_t2","sd_t2","n_t2","SMDH","v_SMDH"
"merged_03072025_25","s16","malondialdehyde levels, lipid peroxidation","nmol/g",5.21825396825396,0.439205230578942,10,1.46825396825397,0.25097441747368,10,-10.039805892606,3.74384609038431
"merged_03072025_26","s16","malondialdehyde levels, lipid peroxidation","nmol/g",7.55952380952381,0.941154065526298,10,2.59920634920635,0.752923252421042,10,-5.57374397724049,1.12676627387433
"merged_03072025_34","s16","catalase (CAT) activity","U/g",2.43307086614173,0.186748680718605,10,4.99606299212598,0.448196833724656,10,-7.14885637698392,2.34570532606754
"merged_03072025_52","s23","alanine aminotransferase, enzyme that catalyzes the formation of pyruvate and glutamate","U/mg",164.918414918415,3.49650349650346,3,64.1025641025641,19.8135198135198,3,5.65409413450655,8.52402477885169
"merged_03072025_60","s29","catalase","mmol/min/mg",66.52,1.42070405081424,6,18.4,5.92776517753529,6,10.3015707808846,9.92192727983962
"merged_03072025_62","s29","catalase","mmol/min/mg",41.21,4.26211215244273,6,9.52,2.89039789648415,6,8.03031282802297,4.06559440011116
"merged_03072025_65","s29","catalase","mmol/min/mg",31.85,4.06615297302007,6,9.52,2.89039789648415,6,5.84104710531208,2.29013544862523
"merged_03072025_66","s29","catalase","mmol/min/mg",46.18,3.1598417681903,6,18.4,5.92776517753529,6,5.39672443668755,2.30875588655589
"merged_03072025_84","s29","adenosine triphosphatase activity","ug/mg/min",62.13,4.33559684472622,6,15.19,5.73180599811264,6,8.52316120742094,4.30121231067353
"merged_03072025_87","s29","adenosine triphosphatase activity","ug/mg/min",55.78,6.34417843380843,6,15.19,5.73180599811264,6,6.195135537595,2.33862275684955
"merged_03072025_91","s29","adenosine triphosphatase activity","ug/mg/min",84.8,4.45807133186538,6,61.95,2.93938769133981,6,5.58407278251763,2.2011090834582
"merged_03072025_144","s41","catalase","nmol/min/mg",83.8856580955217,3.48324512098924,6,7.32034028471067,6.19032296687967,6,14.0664714065302,12.9585409383619
"merged_03072025_148","s41","glutathione-S-transferase","nmol/min/mg",573.869662643148,39.8171009847916,6,12.9386401071151,0.654725611647166,6,18.3813795425025,34.1692501273846
"merged_03072025_160","s44","protein oxidation","nmol/mg",1.87382559958087,0.155373981229996,6,1.05910994704316,0.0865650788019763,6,-5.97753270433715,2.68130058807634
"merged_03072025_163","s44","protein thiols","nmol/mg",20.3106240949401,0.726156921987048,6,41.381643366705,2.11856927047101,6,-12.2777664067543,12.6379880903837
"merged_03072025_165","s44","protein thiols","nmol/mg",30.8121553748369,1.26083488060517,6,41.381643366705,2.11856927047101,6,-5.59460133792702,2.32091021774242
"merged_03072025_167","s44","alanine-aminotransferase (ALT) activity","ug/30min/mg",23.5755201954589,2.5737854354573,6,9.77812435082148,1.34795037873267,6,6.19709806808651,2.94299537370727
"merged_03072025_168","s44","alanine-aminotransferase (ALT) activity","ug/30min/mg",38.8565156593483,1.53070478694543,6,10.9072996344447,2.01649184709308,6,14.4065978433295,11.5276296515963
"merged_03072025_170","s44","alanine-aminotransferase (ALT) activity","ug/30min/mg",24.5568718896817,2.10717882335017,6,10.9072996344447,2.01649184709308,6,6.10719876550828,2.26849809729327
"merged_03072025_176","s44","protein oxidation","nmol/mg",1.40470125753749,0.0632220839530957,6,0.903707518248529,0.107205410363227,6,-5.2529483077591,2.10276595810041
"merged_03072025_179","s44","protein thiols","nmol/mg",23.5642169827605,1.15113978149821,6,33.3729551966326,1.25821599519826,6,-7.50577829109231,3.2390016140686
"merged_03072025_183","s44","alanine-aminotransferase (ALT) activity","ug/30min/mg",23.9647657064851,1.4637681057501,6,8.10741979862729,2.3018506749427,6,7.5859143261239,3.79485680260402
"merged_03072025_184","s44","alanine-aminotransferase (ALT) activity","ug/30min/mg",37.8052025330419,1.40472581451138,6,16.5011449804207,2.99949306210379,6,8.39366779062905,5.36671163767855
"merged_03072025_187","s44","asparatate-aminotransferase (AST) activity","ug/hr/mg",19.9106394572811,1.88412925799827,6,11.3030449640578,0.988031431445496,6,5.2797620749636,2.24447542888862
"merged_03072025_195","s44","protein thiols","nmol/mg",26.5314636695487,0.962393139006203,6,39.572237801242,1.82372568602719,6,-8.25267505010973,4.8899533274518
"merged_03072025_200","s44","alanine-aminotransferase (ALT) activity","ug/30min/mg",34.0921735508594,2.99334075276514,6,14.4244499603535,3.22298274459565,6,5.83493918437504,2.1115930703929
"merged_03072025_204","s44","asparatate-aminotransferase (AST) activity","ug/hr/mg",43.9441037612708,3.50168575062116,6,16.2807087192576,3.43161064248555,6,7.3630120935212,3.11180474375952
"merged_03072025_207","s44","protein oxidation","nmol/mg",2.13479295454797,0.234119586042175,6,0.940256952518203,0.0672141014231404,6,-6.39970703473909,3.9193869625286
"merged_03072025_208","s44","protein oxidation","nmol/mg",2.14510547270959,0.146935110465701,6,1.35535408186034,0.0771722757403688,6,-6.20957901695177,2.94903280305159
"merged_03072025_212","s44","protein thiols","nmol/mg",100.736410319912,2.17331627883007,6,125.820318482214,4.12649995703556,6,-7.01858432560151,3.65123336712131
"merged_03072025_214","s44","protein thiols","nmol/mg",105.035916788605,1.66192682464543,6,125.820318482214,4.12649995703556,6,-6.0969352885061,3.22447275304947
"merged_03072025_216","s44","alanine-aminotransferase (ALT) activity","ug/30min/mg",35.9702543289654,2.03151947344812,6,20.2421917913366,0.30064691617434,6,9.99416991840742,9.96937894577349
"merged_03072025_220","s44","asparatate-aminotransferase (AST) activity","ug/hr/mg",59.8181535871188,1.50992237402505,6,20.9062620764027,3.58297714998944,6,13.0598453337874,13.0873969921906
"merged_03072025_222","s44","asparatate-aminotransferase (AST) activity","ug/hr/mg",46.4360374609424,3.8715615811964,6,20.9062620764027,3.58297714998944,6,6.31557669698452,2.40624499141704
"merged_03072025_299","s62","indicator of maximum velocity of the ETS multi-enzyme complexes; biochemical measure of the metabolic potential","ul/g/hour",497.287522603978,27.1247739602171,8,215.189873417722,19.8915009041591,8,11.2115476533992,5.18054749335173
"merged_03072025_302","s62","indicator of maximum velocity of the ETS multi-enzyme complexes; biochemical measure of the metabolic potential","ul/g/hour",349.005424954792,28.9330922242316,8,215.189873417722,19.8915009041591,8,5.09495160135112,1.33168419722375
"merged_03072025_410","Wild7","CCO:CS ratio","ratio",0.59375,0.0318391692567811,12,0.226102941176471,0.0318391692567811,12,11.1480639548413,3.00634840775529
"merged_03072025_417","Wild7","cytochrome c oxidase","U mg / FW",3.84843729903537,0.330771580588863,12,1.66029581993569,0.124039342720819,12,8.45708797346031,2.73004317380689
"merged_03072025_454","s79","catalase","U/mg",0.0435483870967748,0.0754280190392897,3,2.8741935483871,0.276569403144065,3,-11.1418515342683,28.0355277561407
"merged_03072025_455","s79","glutathione peroxidase (GPx) activity, converts H2O2 to H20","U/mg",2.15985130111524,0.135215862300916,3,4.99628252788104,0.450719541003051,3,-6.8015466470535,10.8130946869077
"merged_03072025_457","s79","malondialdehyde","nmol/mg",0.229530201342282,0.0418482074311945,3,0.0181208053691276,0.0104620518577987,3,-5.53016406220584,7.79909830502822
